﻿<?xml version="1.0" encoding="utf-8" standalone="no" ?>
<modDesc descVersion="64">
    <title>
        <en>Production Inspector</en>
        <de>Produktions Inspektor</de>
    </title>
    <description>
        <en><![CDATA[Production Inspector shows your productions, animals, and/or storage silos at a glance

Options:
 - Show input materials and their fill levels for production facilities
 - Show output products and their fill levels for production facilities
 - Show production lines and their status in production facilities
 - Show number of animals and space left
 - Show food levels (total and individual)
 - Show output products and their fill levels
 - Show animal health average, breeding average, and immature animal percentage
 - Show silo fill percentage, and what is in it.
 - Add an underscore to a production point, animal pen, or silo name to hide it from the HUD (_)
 - HUD elements can be shown, hidden and positioned individually.  When in the same position, they will stack.

Default Input Bindings:
Left Ctrl + Left Alt + Num Pad 8 : Reload configuration file from disk
Left Alt + Num Pad 8 : Toggle production display on and off
Left Alt + Num Pad 7 : Toggle animal display on and off
Left Alt + Num Pad 6 : Toggle silo display on and off

Changelog:

v1.0.0.1
 - Add key bind to toggle HUD on and off
v1.0.0.2
 - Add option to hide empty input materials
v1.0.0.3
 - Separate percentage and fill level for input and output, add options for each
v1.0.0.4
 - Add optional indicators for output product destination (selling, storing, or distributing)
 - Save config when using the visibility toggle key
 - Hide on construction screen
v1.0.0.5
 - Change default key binds
v1.0.0.6
 - Add sorting by name
 - Add hiding of productions with a name that ends in an underscore ("_")
 - Add "max productions" configuration option
v1.0.0.7
 - Fix loading of text size from xml
 - Add menu option to change text size
v1.0.0.8
 - Bugfix: text was still visibile when HUD was toggled off
v1.1.0.0
 - Add AnimalInspector and newly created Silo HUD to this inspector
 - Expanded settings menu to accomodate 3 different HUD options
 - Add 2 more keybinds to toggle HUD elements individually
 ]]></en>
        <de><![CDATA[Production Inspector zeigt Ihre Produktionen, Tiere und/oder Lagersilos auf einen Blick

Optionen:
 - Anzeige der Eingangsmaterialien und ihrer Füllstände für Produktionsanlagen
 - Anzeige der Ausgangsprodukte und deren Füllstände für Produktionsanlagen
 - Anzeige von Produktionslinien und deren Status in Produktionsanlagen
 - Anzeige der Anzahl der Tiere und des verbleibenden Platzes
 - Nahrungsmittelbestände anzeigen (gesamt und einzeln)
 - Anzeige der Ausgangsprodukte und deren Füllstände
 - Anzeige des durchschnittlichen Gesundheitszustands der Tiere, des Zuchtdurchschnitts und des Anteils unreifer Tiere
 - Zeigt den Prozentsatz der Silofüllung und den Inhalt des Silos an.
 - Fügen Sie einen Unterstrich an einen Produktionspunkt, eine Tierbucht oder einen Silonamen an, um ihn aus dem HUD auszublenden (_)
 - HUD-Elemente können individuell ein- und ausgeblendet und positioniert werden.  Wenn sie sich an der gleichen Position befinden, werden sie gestapelt.

 Standard-Eingabebindungen:
Left Ctrl + Left Alt + Num Pad 8 : Konfigurationsdatei von der Festplatte neu laden
Left Alt + Num Pad 8 : Produktionsanzeige ein- und ausschalten
Left Alt + Num Pad 7 : Tieranzeige ein- und ausschalten
Left Alt + Num Pad 6 : Siloanzeige ein- und ausschalten

Changelog:

v1.0.0.1
 - Keybind hinzufügen, um HUD ein- und auszuschalten
v1.0.0.2
 - Option zum Ausblenden leerer Eingabematerialien hinzufügen
v1.0.0.3
 - Getrennter Prozentsatz und Füllstand für Eingabe und Ausgabe, Optionen für beide hinzufügen
v1.0.0.4
 - Fügen Sie optionale Indikatoren für den Bestimmungsort des Ausgangsprodukts (Verkauf, Lagerung oder Verteilung) hinzu.
 - Speichern der Konfiguration bei Verwendung der Sichtbarkeitsumschalttaste
 - Auf dem Konstruktionsbildschirm ausblenden
v1.0.0.5
 - Standardtastenbelegungen ändern
v1.0.0.6
 - Sortierung nach Namen hinzufügen
 - Ausblenden von Produktionen mit einem Namen, der mit einem Unterstrich ("_") endet, hinzufügen
 - Hinzufügen der Konfigurationsoption "max productions
v1.0.0.7
 - Fixes Laden der Textgröße aus xml
 - Menüoption zum Ändern der Textgröße hinzufügen
v1.0.0.8
 - Bugfix: Der Text war noch sichtbar, wenn das HUD ausgeschaltet war.
v1.1.0.0
 - Hinzufügen des AnimalInspector und des neu erstellten Silo-HUD zu diesem Inspektor
 - Erweitertes Einstellungsmenü, um 3 verschiedene HUD-Optionen unterzubringen
 - Hinzufügen von 2 weiteren Tastenkombinationen, um HUD-Elemente einzeln umzuschalten
 ]]></de>
    </description>
    <author>JTSage</author>
    <version>1.1.0.0</version>
    <iconFilename>modIcon.dds</iconFilename>
    <multiplayer supported="true"/>
    <extraSourceFiles>
        <sourceFile filename="loader.lua"/>
    </extraSourceFiles>
    <l10n filenamePrefix="translations/translation"/>

    <actions>
        <action name="ProductionInspector_reload_config" category="SYSTEM" axisType="HALF" ignoreComboMask="false" />
        <action name="ProductionInspector_toggle_prod_visible" category="SYSTEM" axisType="HALF" ignoreComboMask="false" />
        <action name="ProductionInspector_toggle_anim_visible" category="SYSTEM" axisType="HALF" ignoreComboMask="false" />
        <action name="ProductionInspector_toggle_silo_visible" category="SYSTEM" axisType="HALF" ignoreComboMask="false" />
    </actions>
    <inputBinding>
        <actionBinding action="ProductionInspector_reload_config">
            <binding device="KB_MOUSE_DEFAULT" input="KEY_lctrl KEY_lalt KEY_KP_8" axisComponent="+" neutralInput="0" index="1" />
        </actionBinding>
        <actionBinding action="ProductionInspector_toggle_prod_visible">
            <binding device="KB_MOUSE_DEFAULT" input="KEY_lalt KEY_KP_8" axisComponent="+" neutralInput="0" index="1" />
        </actionBinding>
        <actionBinding action="ProductionInspector_toggle_anim_visible">
            <binding device="KB_MOUSE_DEFAULT" input="KEY_lalt KEY_KP_7" axisComponent="+" neutralInput="0" index="1" />
        </actionBinding>
        <actionBinding action="ProductionInspector_toggle_silo_visible">
            <binding device="KB_MOUSE_DEFAULT" input="KEY_lalt KEY_KP_6" axisComponent="+" neutralInput="0" index="1" />
        </actionBinding>
    </inputBinding>
</modDesc>
