﻿<?xml version="1.0" encoding="utf-8" standalone="no" ?>
<modDesc descVersion="64">
    <title>
        <en>Production Inspector</en>
        <de>Produktions Inspektor</de>
    </title>
    <description>
        <en><![CDATA[Production Inspector shows your running productions at a glance

Options:
 - Show input materials and their fill levels
 - Show output products and their fill levels
 - Show production lines and their status
 - Add an underscore to the production point name to hide it from the HUD (_)

Default Input Bindings:
Left Ctrl + Left Alt + Num Pad 8 : Reload configuration file from disk
Left Alt + Num Pad 8 : Toggle display on and off

Changelog:

v1.0.0.1
 - Add key bind to toggle HUD on and off
v1.0.0.2
 - Add option to hide empty input materials
v1.0.0.3
 - Separate percentage and fill level for input and output, add options for each
v1.0.0.4
 - Add optional indicators for output product destination (selling, storing, or distributing)
 - Save config when using the visibility toggle key
 - Hide on construction screen
v1.0.0.5
 - Change default key binds
v1.0.0.6
 - Add sorting by name
 - Add hiding of productions with a name that ends in an underscore ("_")
 - Add "max productions" configuration option
v1.0.0.7
 - Fix loading of text size from xml
 - Add menu option to change text size
v1.0.0.8
 - Bugfix: text was still visibile when HUD was toggled off
 ]]></en>
        <de><![CDATA[Production Inspector zeigt Ihre laufenden Produktionen auf einen Blick

Optionen:
 - Anzeige der Eingangsmaterialien und ihrer Füllstände
 - Anzeige der Ausgangsprodukte und ihrer Füllstände
 - Anzeige der Produktionslinien und ihres Status
 - Fügen Sie dem Namen des Produktionspunktes einen Unterstrich hinzu, um ihn aus dem HUD auszublenden (_)

 Standard-Eingabebindungen:
Left Ctrl + Left Alt + Num Pad 8 : Konfigurationsdatei von der Festplatte neu laden
Left Alt + Num Pad 8 : Anzeige ein- und ausschalten

Changelog:

v1.0.0.1
 - Keybind hinzufügen, um HUD ein- und auszuschalten
v1.0.0.2
 - Option zum Ausblenden leerer Eingabematerialien hinzufügen
v1.0.0.3
 - Getrennter Prozentsatz und Füllstand für Eingabe und Ausgabe, Optionen für beide hinzufügen
v1.0.0.4
 - Fügen Sie optionale Indikatoren für den Bestimmungsort des Ausgangsprodukts (Verkauf, Lagerung oder Verteilung) hinzu.
 - Speichern der Konfiguration bei Verwendung der Sichtbarkeitsumschalttaste
 - Auf dem Konstruktionsbildschirm ausblenden
v1.0.0.5
 - Standardtastenbelegungen ändern
 v1.0.0.6
 - Sortierung nach Namen hinzufügen
 - Ausblenden von Produktionen mit einem Namen, der mit einem Unterstrich ("_") endet, hinzufügen
 - Hinzufügen der Konfigurationsoption "max productions
 v1.0.0.7
 - Fixes Laden der Textgröße aus xml
 - Menüoption zum Ändern der Textgröße hinzufügen
 v1.0.0.8
 - Bugfix: Der Text war noch sichtbar, wenn das HUD ausgeschaltet war.
 ]]></de>
    </description>
    <author>JTSage</author>
    <version>1.0.0.8</version>
    <iconFilename>modIcon.dds</iconFilename>
    <multiplayer supported="true"/>
    <extraSourceFiles>
        <sourceFile filename="loader.lua"/>
    </extraSourceFiles>
    <l10n filenamePrefix="translations/translation"/>

    <actions>
        <action name="ProductionInspector_reload_config" category="SYSTEM" axisType="HALF" ignoreComboMask="false" />
        <action name="ProductionInspector_toggle_visible" category="SYSTEM" axisType="HALF" ignoreComboMask="false" />
    </actions>
    <inputBinding>
        <actionBinding action="ProductionInspector_reload_config">
            <binding device="KB_MOUSE_DEFAULT" input="KEY_lctrl KEY_lalt KEY_KP_8" axisComponent="+" neutralInput="0" index="1" />
        </actionBinding>
        <actionBinding action="ProductionInspector_toggle_visible">
            <binding device="KB_MOUSE_DEFAULT" input="KEY_lalt KEY_KP_8" axisComponent="+" neutralInput="0" index="1" />
        </actionBinding>
    </inputBinding>
</modDesc>
